ASIN,Title,Author,PurchaseDate
"B002XHNONS","Mindsight: The New Science of Personal Transformation","Siegel, Daniel J.:","N/A"
"B081Y3QF4C","The End of Alzheimer's Program: The First Protocol to Enhance Cognition and Reverse Decline at Any Age","Bredesen, Dale:","N/A"
"B0CW1QXP31","The Final Pandemic: An Antidote To Medical Tyranny","Bailey, Mark:Bailey, Samantha:","N/A"
"B000FA5SGG","Healing Back Pain: The Mind-Body Connection","Sarno, John E.:","N/A"
"B0CPW59GMF","What the Nurses Saw: An Investigation Into Systemic Medical Murders That Took Place in Hospitals During the COVID Panic and the Nurses Who Fought Back ... Their Patients (Medical System Corruption)","McCarthy, Ken:","N/A"
"B017I25DCC","The Gene: An Intimate History","Mukherjee, Siddhartha:","N/A"
"B0B6S1ZNLC","Turtles All The Way Down: Vaccine Science and Myth","Anonymous:","N/A"
"B00QG5SW58","Rewire Your Anxious Brain: How to Use the Neuroscience of Fear to End Anxiety, Panic, and Worry","Pittman PhD, Catherine M.:Karle MLIS, Elizabeth M.:","N/A"
"B09FK3FB79","The Rise and Reign of the Mammals: A New History, from the Shadow of the Dinosaurs to Us","Brusatte, Steve:","N/A"
"B000MAH66Y","Freakonomics Rev Ed: A Rogue Economist Explores the Hidden Side of Everything","Levitt, Steven D.:Dubner, Stephen J.:","N/A"
"B00BAXFBI2","Operation Paperclip: The Secret Intelligence Program that Brought Nazi Scientists to America","Jacobsen, Annie:","N/A"
"B09NTKBHQZ","Starry Messenger: Cosmic Perspectives on Civilization","Tyson, Neil deGrasse:","N/A"
"B00YBBKMHA","Into the Magic Shop: A Neurosurgeon's Quest to Discover the Mysteries of the Brain and the Secrets ofthe Heart","Doty MD, James:","N/A"
"B003E749TE","The Happiness Hypothesis: Finding Modern Truth in Ancient Wisdom","Haidt, Jonathan:","N/A"
"B00JTYBWMI","Life After Life: The Bestselling Original Investigation That Revealed Near-Death Experiences","Moody, Raymond:","N/A"
"B0BP6LL8LW","Legacy: A Black Physician Reckons with Racism in Medicine","Blackstock MD, Uché:","N/A"
"B0CFZLZY14","Practical Optimism: The Art, Science, and Practice of Exceptional Well-Being","Varma, Sue:","N/A"
"B00JGAS65Q","The Innovators: How a Group of Hackers, Geniuses, and Geeks Created the Digital Revolution","Isaacson, Walter:","N/A"
"B09QYDQQ7N","What If? 2: Additional Serious Scientific Answers to Absurd Hypothetical Questions","Munroe, Randall:","N/A"
"B06XP3GJ7F","The Manager's Path: A Guide for Tech Leaders Navigating Growth and Change","Fournier, Camille:","N/A"
"B0BL738ZLL","The Underworld: Journeys to the Depths of the Ocean","Casey, Susan:","N/A"
"B07THBZ4VD","Why Fish Don't Exist: A Story of Loss, Love, and the Hidden Order of Life","Miller, Lulu:","N/A"
"B00QFOP45Q","Taking Charge of Your Fertility: The Definitive Guide to Natural Birth Control, Pregnancy Achievement, and Reproductive Health","Weschler, Toni:","N/A"
"B07G122JJN","Return of the God Hypothesis: Three Scientific Discoveries That Reveal the Mind Behind the Universe","Meyer, Stephen C.:","N/A"
"B00A2DIW3C","Skunk Works: A Personal Memoir of My Years of Lockheed","Janos, Leo:Rich, Ben R.:","N/A"
"B01C9116AK","The Hidden Life of Trees: What They Feel, How They Communicate—Discoveries from A Secret World (The Mysteries of Nature Book 1)","Wohlleben, Peter:","N/A"
"B078VW3VM7","Bad Blood: Secrets and Lies in a Silicon Valley Startup","Carreyrou, John:","N/A"
"B077ZCGT8N","The Molecule of More: How a Single Chemical in Your Brain Drives Love, Sex, and Creativity--and Will Determine the Fate of the Human Race","Lieberman, Daniel Z.:Long, Michael E.:","N/A"
"B09KKJDZFX","Rehab Science: How to Overcome Pain and Heal from Injury","Walters, Tom:Cordoza, Glen:","N/A"
"B085T55LGK","The Alignment Problem: Machine Learning and Human Values","Christian, Brian:","N/A"
"B09PLL8CYZ","Lies My Doctor Told Me Second Edition: Medical Myths That Can Harm Your Health","Berry, MD, Ken D.:","N/A"
"B008AK8FHM","Proof of Heaven: A Neurosurgeon's Journey into the Afterlife","Alexander III M.D., Eben:","N/A"
"B07K6MF8MD","Ultralearning: Master Hard Skills, Outsmart the Competition, and Accelerate Your Career","Young, Scott H.:","N/A"
"B073TVX3SX","The Unexpected Joy of Being Sober: Discovering a happy, healthy, wealthy alcohol-free life","Gray, Catherine:","N/A"
"B07WKJS8P1","Entangled Life: How Fungi Make Our Worlds, Change Our Minds & Shape Our Futures","Sheldrake, Merlin:","N/A"
"B0C3D6X1RW","Younger for Life: Feel Great and Look Your Best with the New Science of Autojuvenation","Youn, Anthony:","N/A"
"B07ZKZ2NRN","Why We Get Sick: The Hidden Epidemic at the Root of Most Chronic Disease--and How to Fight It","Bikman, Benjamin:","N/A"
"B0C3N95LW4","Deception: The Great Covid Cover-Up","Paul, Rand:","N/A"
"B07J4RMSNQ","The Emotion Code: How to Release Your Trapped Emotions for Abundant Health, Love, and Happiness (Updated and Expanded Edition)","Nelson, Bradley:","N/A"
"B00QPHURT6","How Emotions Are Made: The Secret Life of the Brain","Barrett, Lisa Feldman:","N/A"
"B08KPKHVXQ","Dopamine Nation: Finding Balance in the Age of Indulgence","Lembke, Anna:","N/A"
"B09M2BKHYR","The Simplest Baby Book in the World: The Illustrated, Grab-and-Do Guide for a Healthy, Happy Baby","Gross, S.M.:","N/A"
"B07W6X1RTY","Brain Health from Birth: Nurturing Brain Development During Pregnancy and the First Year (It Starts with the Egg Book 3)","Fett, Rebecca:","N/A"
"B07FZPTDJ3","Cribsheet: A Data-Driven Guide to Better, More Relaxed Parenting, from Birth to Preschool (The ParentData Series Book 2)","Oster, Emily:","N/A"
"B079L64ZT8","Pregnancy, Childbirth, and the Newborn: The Complete Guide","Simkin, Penny:Whalley, Janet:Keppler, Ann:Durham, Janelle:Bolding, April:","N/A"
"B07Q4R1XMH","Bumpin': The Modern Guide to Pregnancy: Navigating the Wild, Weird, and Wonderful Journey From Conception Through Birth and Beyond","Schrock, Leslie:","N/A"
"B07BQGHPTL","We're Pregnant! The First Time Dad's Pregnancy Handbook (First-Time Dads)","Kulp, Adrian:","N/A"
"B0B4PYDRRZ","Becoming A Parent: A Reality Check on Pregnancy, Birth, and Baby's First Year","Villegas, Ann-Christin:","N/A"
"B0C9KSHZBC","A Parent's Guide to a Safer Childbirth: Expecting the Best: Using the Power of Knowledge to Help You Deliver a Healthy Baby","Mundy, Gina:","N/A"
"B0CV8XS86G","The 28 Day Runway: Your Pathway to The Healthy Lifestyle of Your Dreams","Williams, Christina:","N/A"
"B06XWDQK52","Herbal Healing for Women (A Guide to Holistic Healing)","Gladstar, Rosemary:","N/A"
"B00AN2JPNI","Moms on Call | Basic Baby Care 0-6 Months | Parenting Book 1 of 3 (Moms On Call Parenting Books)","Hunter LPN, Laura:Walker RN BSN, Jennifer:","N/A"
"B0834B1GMQ","Becoming a Dad: The First-Time Dad's Guide to Pregnancy Preparation (101 Tips For Expectant Dads) (Positive Parenting Book 4)","Marshall, Lisa:Antonelli, Johnny:","N/A"
"B0C3NVFG4X","Black Box: A Pregnancy Discrimination Memoir","Glasson, Chelsey:","N/A"
"B0B25WXKQM","Pregnancy Guide for Men: How to Be the Best Supportive Partner and Father From Conception To Birth and Beyond: Plus 10 Life Hacks for New Dads (New Dad Survival Guide)","Support, New Dad:","N/A"
"B001665Y4O","Our Bodies, Ourselves: Pregnancy and Birth","Boston Women's Health Book Collective:Norsigian, Judy:","N/A"
"B094P1HJXX","Asking for a Pregnant Friend: 101 Answers to Questions Women Are Too Embarrassed to Ask about Pregnancy, Childbirth, and Motherhood","Gaddis, Bailey:","N/A"
"B079H8LL9L","Real Food for Pregnancy: The Science and Wisdom of Optimal Prenatal Nutrition","Nichols, Lily:","N/A"
"B09SKPDT36","Brain Energy: A Revolutionary Breakthrough in Understanding Mental Health--and Improving Treatment for Anxiety, Depression, OCD, PTSD, and More","Palmer MD, Christopher M.:","N/A"
"B00IHZ91T6","Men Are from Mars, Women Are from Venus: The Classic Guide to Understanding the Opposite Sex","Gray, John:","N/A"
"B000PC0S0K","Einstein: His Life and Universe","Isaacson, Walter:","N/A"
"B0CJSYWZZ4","UNHOLY TRINITY: How Carbs, Sugar & Oils Make Us Fat, Sick & Addicted and How to Escape Their Grip","Trevor, Daniel:","N/A"
"B08X5YWRRP","The Real Anthony Fauci: Bill Gates, Big Pharma, and the Global War on Democracy and Public Health (Children’s Health Defense)","Kennedy Jr., Robert F.:","N/A"
"B01BBQ33VE","Homo Deus: A Brief History of Tomorrow","Harari, Yuval Noah:","N/A"
"B09XQBVS6B","The Happiness Trap: How to Stop Struggling and Start Living (Second Edition)","Harris, Russ:","N/A"
"B00JQ3FN7M","Make It Stick: The Science of Successful Learning","Brown, Peter C.:Roediger III, Henry L.:McDaniel, Mark A.:","N/A"
"B09HKVQ2TH","Built from Broken: A Science-Based Guide to Healing Painful Joints, Preventing Injuries, and Rebuilding Your Body","Hogan, Scott H:","N/A"
"B0B9SH82C2","A Brief History of Intelligence: Evolution, AI, and the Five Breakthroughs That Made Our Brains","Bennett, Max S.:","N/A"
"B01N7KMS7X","The Radium Girls: The Dark Story of America's Shining Women (Harrowing Historical Nonfiction Bestseller About a Courageous Fight for Justice)","Moore, Kate:","N/A"
"B0BV6DCB8Y","Material World: The Six Raw Materials That Shape Modern Civilization","Conway, Ed:","N/A"
"B07M82PNSX","The Body: A Guide for Occupants","Bryson, Bill:","N/A"
"B08F7S58JY","Metabolical: The Lure and the Lies of Processed Food, Nutrition, and Modern Medicine","Lustig, Robert H:","N/A"
"B07N4C6LGR","Lifespan: Why We Age—and Why We Don't Have To","Sinclair, David:LaPlante, Matthew D.:","N/A"
"B00JCW0BCY","Being Mortal: Medicine and What Matters in the End","Gawande, Atul:","N/A"
"B01C6D0LCK","The Obesity Code: Unlocking the Secrets of Weight Loss (Why Intermittent Fasting Is the Key to Controlling Your Weight) (The Code Series Book 1)","Fung, Dr. Jason:","N/A"
"B0BHPTLSPW","Ultra-Processed People: Why We Can't Stop Eating Food That Isn't Food","van Tulleken, Chris:","N/A"
"B098PXTS5K","The Myth of Normal: Trauma, Illness, and Healing in a Toxic Culture","Maté, Gabor:","N/A"
"B06ZZ1YGJ5","Why We Sleep: Unlocking the Power of Sleep and Dreams","Walker PhD, Matthew:","N/A"
"B0BR51FB12","Eve: How the Female Body Drove 200 Million Years of Human Evolution","Bohannon, Cat:","N/A"
"B005GSYXGI","So You Created a Wormhole: The Time Traveler's Guide to Time Travel","Hornshaw, Phil:Hurwitch, Nick:","N/A"
"B0C37LFY46","Ideas and Opinions by Albert Einstein: Insights into Science, Philosophy, and Humanity","Albert Einstein:","N/A"
"B010ZXKCAO","Evicted: Poverty and Profit in the American City","Desmond, Matthew:","N/A"
"B0B44TK5LH","Still Life with Bones: Genocide, Forensics, and What Remains","Hagerty, Alexa:","N/A"
"B07NTYJJDX","Something Deeply Hidden: Quantum Worlds and the Emergence of Spacetime","Carroll, Sean:","N/A"
"B00338QENI","The Immortal Life of Henrietta Lacks","Skloot, Rebecca:","N/A"
"B01IAUGC5S","Behave: The Biology of Humans at Our Best and Worst","Sapolsky, Robert M.:","N/A"
"B00EY818TQ","Letting Go: The Pathway of Surrender","Hawkins, David R.:","N/A"
"B010MH9V3W","Grit: The Power of Passion and Perseverance","Duckworth, Angela:","N/A"
"B0036Z9U2A","The Gift of Fear","de Becker, Gavin:","N/A"
"B00ICN066A","Sapiens: A Brief History of Humankind","Harari, Yuval Noah:","N/A"
"B00N6PEQV0","The Seven Principles for Making Marriage Work: A Practical Guide from the Country's Foremost Relationship Expert","Gottman, John:Silver, Nan:","N/A"
"B093Y3N433","Crucial Conversations: Tools for Talking When Stakes are High, Third Edition","Grenny, Joseph:Patterson, Kerry:McMillan, Ron:Switzler, Al:Gregory, Emily:","N/A"
"B00OICLVBI","The 5 Love Languages: The Secret to Love that Lasts","Chapman, Gary:","N/A"
"B0B1BTJLJN","Outlive: The Science and Art of Longevity","Attia MD, Peter:Gifford, Bill:","N/A"
"B09ZHHXX6P","YouTube Secrets: The Ultimate Guide to Growing Your Following and Making Money as a Video Influencer","Cannell, Sean:Travis, Benji:","N/A"
"B0CX5967RZ","THINK BIG: A 10-Step Guide to Aspiring to Greatness, Pursuing Your Dreams, and Unleashing Your Full Potential!","Zahariades, Damon:","N/A"
"B0B2KX4S9W","The Universal Rules of Life: 27 Secrets for Managing Time, Stress, and People","Fanous, Nabil:","N/A"
"B0BCXG4LYF","DON'T SUCK: Life Lessons for Success","LeClair, Andre:","N/A"
"B0C7WR39P8","50 Secrets of Genius Success: Upgrade Your Mindset For Success, Boost Self-Confidence, Gain Daily Inspiration, and Effortlessly Design Your Rich Life (Genialism™ Teaching)","Latansky, Mykola:","N/A"
"B09XP7383J","Wealth Your Way: A Simple Path to Financial Freedom","DeStefano, Cosmo P.:","N/A"
"B0CTHJ98G7","Believe in Better: The Evolution of Core Principles that Pioneered an Industry","Stafford, Damon:","N/A"
"B0BW163HV3","Plan E: How to Be Successful in Today's World","Perry, Owen:","N/A"
"B078GHMV65","Bet On Yourself: From zero to millions","Hodges, Dr. Vernard L:","N/A"
"B0CQKPXKX4","Failing Fast?: The Ten Secrets to Succeed Faster","Tulsidas, Luv:","N/A"
"B0CW1GCBD4","Built with Purpose: How Our Employee-Owned Business Changed What it Means to Work and Why","Roark, Bill:","N/A"
"B0CKC82F8W","Live for a Living: How to Create Your Career Journey to Work Happier, Not Harder","Caligiuri, Paula:Palmer, Andy:","N/A"
"B0CPYN4PJY","Money On Autopilot: 7 Simple Strategies to Achieve Financial Freedom. A Financial Literacy Book to Maximize Your Income and Live the Life of Abundance.","Bishop, Bruce:","N/A"
"B0CW2STHHS","Zero Risk Startup: The Ultimate Entrepreneur's Guide to Mitigating Risks When Starting or Growing a Business","Andrez, Paulo:","N/A"
"B0C331S47J","Wired For Wealth: Unlocking Your Brain for Financial Success","Trivedi, Alok:","N/A"
"B0CSHL5QKC","Unstoppable Brain: The New Neuroscience that Frees Us from Failure, Eases Our Stress, and Creates Lasting Change","Bobinet, Kyra:","N/A"
"B0C6KS9M29","And How Does That Make You Feel?: Everything You (N)ever Wanted to Know About Therapy","Fletcher, Joshua:","N/A"
"B0C7RNVSV7","Selling the Dream: The Billion-Dollar Industry Bankrupting Americans","Marie, Jane:","N/A"
"B0C9ZFMTBT","This Is Why You Dream: What Your Sleeping Brain Reveals About Your Waking Life","Jandial, Rahul:","N/A"
"B07NCV73V5","HEAVY METALS DETOX: The Easy Way to Detoxify - Detoxification Helps Protect Against Accelerated Aging, Sickness, Brain Fog, & Fatigue","LILLEY, JAMES:","N/A"
"B07PZXX8ZJ","The 40-Day Sugar Fast: Where Physical Detox Meets Spiritual Transformation (A Daily Devotional Journey to Stop Fixating on Food and Fix Your Eyes on Jesus)","Speake, Wendy:","N/A"
"B09PLLQYS9","Toxic: Heal Your Body from Mold Toxicity, Lyme Disease, Multiple Chemical Sensitivities, and Chronic Environmental Illness","Nathan, Neil:","N/A"
"B00ZP5WNWS","Whole Detox: A 21-Day Personalized Program to Break Through Barriers in Every Area of Your Life","Minich, Deanna:","N/A"
"B0BP9CVXM4","The Dr. Sebi Self-Healing Bible: [13 in 1] The Most Updated Herbalist’s Guide to Dr. Sebi Plant-Based Alkaline Diet and Non-Toxic Lifestyle to Restore the Body to Optimal Health and Wellness","Morris, Zachary:","N/A"
"B0CKC4LD8L","Fiat Food: Why Inflation Destroyed Our Health and How Bitcoin Fixes It","Lysiak, Matthew:Ammous, Saifedean:","N/A"
"B00LOOCGB2","Superintelligence: Paths, Dangers, Strategies","Bostrom, Nick:","N/A"
"B0C52ZJB3N","NO... The Psychology of Sales and Negotiations: 40 lessons in negotiation... from a street-smart negotiator (The Force Multiplier Series)","Will, Brian:","N/A"
"B0052MD8VO","Your Money or Your Life: 9 Steps to Transforming Your Relationship with Money and Achieving Financial Independence: Fully Revised and Updated for 2018","Robin, Vicki:Dominguez, Joe:","N/A"
"B08B3HGMRL","The Better Brain: Overcome Anxiety, Combat Depression, and Reduce ADHD and Stress with Nutrition","Kaplan, Bonnie J.:Rucklidge, Julia J.:","N/A"
"B00JMSQ1YK","Med Free Bipolar: Thrive Naturally with the Med Free Method™","Morrow, Aspen:","N/A"
"B0CW8MYLMG","The Ai Accelerator: How to 10X Your Productivity, Clone Your Smartest Employees, and Monetize Your IP in the New Ai-Economy","Koenigs, Mike:","N/A"
"B0CW6ZT9MF","MY FIRST MILLION With ChatGPT: How to Make Money Online Using Artificial Intelligence. Achieve Business Success with a Blueprint to Master ChatGPT and Profit from Millionaire Prompts","Vasquez, Mauricio:Publishing, Mindscape Artwork:","N/A"
"B0056HP6ME","The Natural Medicine Guide to Bipolar Disorder: New Revised Edition","Marohn, Stephanie:","N/A"
"B08DMXF7ZZ","Crying in H Mart: A Memoir","Zauner, Michelle:","N/A"
"B07GNXPP4P","I Will Teach You to Be Rich: No Guilt. No Excuses. Just a 6-Week Program That Works (Second Edition)","Sethi, Ramit:","N/A"
"B00J38OUAQ","LinkedIn Riches: How To Use LinkedIn For Business, Sales and Marketing! Updated and Revised","Nemo, John:","N/A"
"B0CC6CT29H","Marketing Magic: How I produced 7 billion views, 50 million social media followers and $250,000,000 in yearly revenue without paid advertising!","Suarez, Manuel:","N/A"
"B0BNSN4MHR","The 7 Figure Side Hustle: Discover The Simple 3-Step Approach To Making Passive Income (The Internet Marketing Starter Pack Book 1)","Beckler, Miles:","N/A"
"B07R69ZT1V","Nutritional Treatments to Improve Mental Health Disorders: Non-Pharmaceutical Interventions for Depression, Anxiety, Bipolar & ADHD","Procyk, Anne:","N/A"
"B078QMCJNN","Owning Bipolar: How Patients and Families Can Take Control of Bipolar Disorder","Pipich, Michael G.:","N/A"
"B08P74BKKY","Neurobiology of Bipolar Disorder: Road to Novel Therapeutics","Quevedo, Joao:Carvalho, Andre Ferrer:Vieta, Eduard:","N/A"
"B01C9O35GA","Bipolar Disorder: The Ultimate Guide","Owen, Sarah:Saunders, Amanda:","N/A"
"B003TXT08I","Treating Bipolar Disorder: A Clinician's Guide to Interpersonal and Social Rhythm Therapy (Guides to Individualized Evidence-Based Treatment)","Frank, Ellen:","N/A"
"B082M377X1","How the Brain Works: The Facts Visually Explained (DK How Stuff Works)","DK:","N/A"
"B0CM86D99N","Get Scalable: The Operating System Your Business Needs To Run and Scale Without You","Deiss, Ryan:","N/A"
"B08BZXPTGJ","The Founders: The Story of Paypal and the Entrepreneurs Who Shaped Silicon Valley","Soni, Jimmy:","N/A"
"B0CTKQ51YS","From Invisible to Icon: How to Become a Known Expert in Your Industry","Fareed, John:Hunter, Sean:","N/A"
"B08ZD8F8BR","Launch (Updated & Expanded Edition): How to Sell Almost Anything Online, Build a Business You Love, and Live the Life of Your Dreams","Walker, Jeff:","N/A"
"B0C3ZH8FY5","Million Dollar Weekend: The Surprisingly Simple Way to Launch a 7-Figure Business in 48 Hours","Kagan, Noah:","N/A"
"B0CBCT8K78","Niche Navigator: How To Find A Profitable Niche In 1 Hour, Even If You've Struggled To Make Money Online For Years (The Internet Marketing Starter Pack Book 2)","Beckler, Miles:","N/A"
"B0CC6CT29H","Marketing Magic: How I produced 7 billion views, 50 million social media followers and $250,000,000 in yearly revenue without paid advertising!","Suarez, Manuel:","N/A"
"B0CD89VBNL","Canary In a Covid World: How Propaganda and Censorship Changed Our World","Edited by C.H. Klotz, Various Authors:Malone, Dr. Robert:Dowd, Edward:Fareed, Dr. George:Kory, Dr. Pierre:McCullough, Dr. Peter:Ladapo, Dr. Joseph:Breggin, Dr. Peter:Dr. Naomi Wolf:McAdam, Colin:Dr. Pierre Kory:Sir Christopher Chope:Elizabeth Woodworth:Dr. Michael Nevradakis:Dr. Jessica Rose:Dr. Joseph Fraiman:Trish Wood:Dr. Ryan Cole:Dr. Aseem Malhotra:Senator Ron Johnson:Dr. Norman Fenton:Rodney Palmer:Dr. Paul Marik:Dr. Jay Bhattacharya:Lord Sumption:Professor Bruce Pardy:Drs. James & Maggie Thorp:Steve Kirsch:John Leake:Dr Mary O’Connor:Dr. Harvey Risch:Dr. Sam Dubé:Margaret Anna Alice:Dr. Michael Rectenwald:Professor Denis Rancourt:Brianne Dressen:","N/A"
"B0C6L1JDMF","The Indoctrinated Brain: How to Successfully Fend Off the Global Attack on Your Mental Freedom","Nehls, Michael:","N/A"
"B09TQ451L3","The Wuhan Cover-Up: And the Terrifying Bioweapons Arms Race (Children’s Health Defense)","Kennedy, Robert F.:","N/A"
"B093RMTVL6","Unscripted - The Great Rat-Race Escape: From Wage Slavery to Wealth: How to Start a Purpose Driven Business and Win Financial Freedom for a Lifetime","DeMarco, MJ:","N/A"
"B004BDOUAI","The Millionaire Fastlane: Crack the Code to Wealth and Live Rich for a Lifetime","DeMarco, MJ:","N/A"
"B07XG4RX1Z","The Millionaire Mind (Millionaire Set)","Stanley, Thomas J.:","N/A"
"B0BW9TRGKV","Elon Musk","Isaacson, Walter:","N/A"
"B002WE46UW","The 4-Hour Workweek, Expanded and Updated: Expanded and Updated, With Over 100 New Pages of Cutting-Edge Content.","Ferriss, Timothy:","N/A"
"B0C71V2DXM","Think and Grow Rich","Hill, Napoleon:","N/A"
"B08SBWTS1K","Get Different: Marketing That Can't Be Ignored!","Michalowicz, Mike:","N/A"
"B08KSSR8L2","The Way of the Intelligent Rebel: Succeed Outside the System, Teach Yourself Anything, and Achieve Ultimate Freedom","Roland, Olivier:","N/A"
"B01B35M3SM","The 1-Page Marketing Plan: Get New Customers, Make More Money, And Stand Out From The Crowd","Dib, Allan:","N/A"
"B002MUAJ2A","Rework","Fried, Jason:Heinemeier Hansson, David:","N/A"
"B000N2HCKQ","Made to Stick: Why Some Ideas Survive and Others Die","Heath, Chip:Heath, Dan:","N/A"
"B004J4XGN6","The Lean Startup: How Today's Entrepreneurs Use Continuous Innovation to Create Radically Successful Businesses","Ries, Eric:","N/A"
"B0067TGSOK","The $100 Startup: Reinvent the Way You Make a Living, Do What You Love, and Create a New Future","Guillebeau, Chris:","N/A"
"B00YBBKLKS","The Go-Giver, Expanded Edition: A Little Story About a Powerful Business Idea (Go-Giver, Book 1","Burg, Bob:Mann, John David:","N/A"
"B09GHWP27F","How to Begin: Start Doing Something That Matters","Bungay Stanier, Michael:","N/A"
"B00AKS6VGO","My Story","Monroe, Marilyn:","N/A"
"B07P896HSJ","Think and Grow Rich: The Original, an Official Publication of The Napoleon Hill Foundation","Hill, Napoleon:","N/A"
"B08BZFTB1Y","Yellow Wife: A Novel","Johnson, Sadeqa:","N/A"
"B00G3L1C2K","The Body Keeps the Score: Brain, Mind, and Body in the Healing of Trauma","van der Kolk, Bessel:","N/A"
"B09JBCGQB8","Tomorrow, and Tomorrow, and Tomorrow: A novel","Zevin, Gabrielle:","N/A"
"B002XQAB4E","Confessions of an Heiress: A Tongue-in-Chic Peek Behind the Pose","Hilton, Paris:","N/A"
"B0B7NGZPFS","Paris: The Memoir","Hilton, Paris:","N/A"
"B0BCP3JP6F","Spare","Harry, The Duke of Sussex, Prince:","N/A"
"B098PW8NP8","Lessons in Chemistry: A Novel","Garmus, Bonnie:","N/A"
"B07WDZWC27","Grow All You Can Eat in 3 Square Feet: Inventive Ideas for Growing Food in a Small Space","DK:","N/A"
"B00MLM9L6E","Happiness for Beginners: A Novel","Center, Katherine:","N/A"
"B073RPTQ8S","Introverts in the Church: Finding Our Place in an Extroverted Culture","McHugh, Adam S.:","N/A"
"B0BPMSQVKB","The Highly Sensitive Person: A Survival Guide to Stop Absorbing Negative Energy and Avoid Emotional Overload.","Jacobs, Diana:","N/A"
"B00SI02BBU","The Introvert Entrepreneur: Amplify Your Strengths and Create Success on Your Own Terms","Buelow, Beth:","N/A"
"B00C2E3K86","Quiet Influence: The Introvert's Guide to Making a Difference","Kahnweiler, Jennifer B.:","N/A"
"B00OQS4FYY","Quiet Power: The Secret Strengths of Introverts","Cain, Susan:Mone, Gregory:Moroz, Erica:","N/A"
"B077JMS6SH","Introvert Survival Tactics: How to Make Friends, Be More Social, and Be Comfortable In Any Situation (When You’re People’d Out and Just Want to Go Home ... (The Psychology of Social Dynamics Book 8)","King, Patrick:","N/A"
"B00BL5Q6DS","Introvert Power: Why Your Inner Life Is Your Hidden Strength (Reduce Anxiety and Boost Your Confidence and Self-Esteem with this Self-Help Book for Introverted Women and Men)","Helgoe, Laurie:","N/A"
"B087RTTK1X","The Powerful Purpose of Introverts: Why the World Needs You to Be You","Gerth, Holley:","N/A"
"B01H0825QQ","The Irresistible Introvert: Harness the Power of Quiet Charisma in a Loud World","Chung, Michaela:","N/A"
"B0B3HRFH98","Sensitive: The Hidden Power of the Highly Sensitive Person in a Loud, Fast, Too-Much World","Granneman, Jenn:Sólo, Andre:","N/A"
"B0020Q3FJ0","Ink Exchange (Wicked Lovely Book 2)","Marr, Melissa:","N/A"
"B000FCKMEM","Memoirs of a Geisha (Vintage Contemporaries)","Golden, Arthur:","N/A"
"B004C43EMQ","Peter and the Starcatchers","Pearson, Ridley:Barry, Dave:","N/A"
"B08P13VXGJ","The War Of The Worlds","H. G. Wells:","N/A"
"B01BKK2IEY","The Fairy Godmother (A Tale of the Five Hundred Kingdoms Book 1)","Lackey, Mercedes:","N/A"
"B001D9T814","The Truth About Forever","Dessen, Sarah:","N/A"
"B000MAH7E0","Size 14 Is Not Fat Either (Heather Wells Mysteries Book 2)","Cabot, Meg:","N/A"
"B005EYXA1S","Women of the Silk: A Novel","Tsukiyama, Gail:","N/A"
"B000SMQFZY","Exit Strategy (Nadia Stafford Book 1)","Armstrong, Kelley:","N/A"
"B009G9VIRK","The Bar Code Tattoo (The Bar Code Trilogy, Book 1)","Weyn, Suzanne:","N/A"
"B008HYPEYS","The Sleeping Beauty Trilogy (A Sleeping Beauty Novel)","Roquelaure, A. N.:Rice, Anne:","N/A"
"B002BXH610","Midnighters #2: Touching Darkness (Midnighters Series)","Westerfeld, Scott:","N/A"
"B014EIMUB0","The Island of Dr. Moreau: Annotated version of The Island of Dr. Moreau with in-depth literary analysis","Wells, H. G.:","N/A"
"B002BXH63S","Midnighters #1: The Secret Hour (Midnighters Series)","Westerfeld, Scott:","N/A"
"B0022Q8CRS","Keeping the Moon","Dessen, Sarah:","N/A"
"B0023SDQBW","Dreamland","Dessen, Sarah:","N/A"
"B0084734TU","Time Windows","Reiss, Kathryn:","N/A"
"B003J4VE2C","Dreaming Water: A Novel","Tsukiyama, Gail:","N/A"
"B0042FZW16","Wolfskin (The Light Isles Book 1)","Marillier, Juliet:","N/A"
"B003G93Z9K","The Language of Threads: A Novel","Tsukiyama, Gail:","N/A"
"B001NRZDQ0","Night of Many Dreams: A Novel","Tsukiyama, Gail:","N/A"
"B001QAP39G","Goddess of Spring (Goddess Summoning Book 2)","Cast, P. C.:","N/A"
"B001LQFXVS","The Night Dance: A Retelling of The Twelve Dancing Princesses (Once upon a Time)","Weyn, Suzanne:","N/A"
"B000FBJCLM","Milkweed","Spinelli, Jerry:","N/A"
"B005KGJXAC","Catalyst","Anderson, Laurie Halse:","N/A"
"B000FC2OIE","The Mediator #4: Darkest Hour","Cabot, Meg:","N/A"
"B002I1XS5S","So Yesterday","Westerfeld, Scott:","N/A"
"B000FC0XYQ","Brian's Hunt (Brian's Saga Book 5)","Paulsen, Gary:","N/A"
"B007679JV6","Breathing Underwater","Flinn, Alex:","N/A"
"B006VIFQE0","Just Ella (The Palace Chronicles Book 1)","Haddix, Margaret Peterson:","N/A"
"B000FC1HKA","Daughter of Venice","Napoli, Donna Jo:","N/A"
"B002UM5BJG","The Goose Girl (Books of Bayern Book 1)","Hale, Shannon:","N/A"
"B00FJ351YI","The Wish","Levine, Gail Carson:","N/A"
"B00AK809KI","Beast","Napoli, Donna Jo:","N/A"
"B003L77WRI","Breath","Napoli, Donna Jo:","N/A"
"B000FC2OGG","She Went All the Way","Cabot, Meg:","N/A"
"B000NY11Q0","Such a Pretty Girl","Wiess, Laura:","N/A"
"B000SEFG8E","Half Moon Investigations","Colfer, Eoin:","N/A"
"B004G60B7Q","Violin: A Novel","Rice, Anne:","N/A"
"B002ZJCQZ6","Water Song: A Retelling of The Frog Prince (Once upon a Time)","Weyn, Suzanne:","N/A"
"B004DI7TC2","The Rose Bride: A Retelling of The White Bride and the Black Bride (Once upon a Time)","Holder, Nancy:","N/A"
"B00383YJDK","Midnight Pearls: A Retelling of The Little Mermaid (Once upon a Time)","Viguié, Debbie:","N/A"
"B001FRZEB2","A Swift Pure Cry","Dowd, Siobhan:","N/A"
"B0052Z3G1S","Memoirs of a Teenage Amnesiac: A Novel","Zevin, Gabrielle:","N/A"
"B01GQPYSM8","Blackthorn Winter: A Murder Mystery","Reiss, Kathryn:","N/A"
"B000UZNSTA","Book of a Thousand Days","Hale, Shannon:","N/A"
"B00139XT00","The Faerie Path","Jones, Frewin:","N/A"
"B004NNUZ7S","Dragon Slippers","George, Jessica Day:","N/A"
"B007679MFY","Nothing to Lose","Flinn, Alex:","N/A"
"B004JHY57E","The Salamander Spell (Tales of the Frog Princess Book 5)","Baker, E.D.:","N/A"
"B01MG5E0P9","It's a Mall World After All: A Sweet YA Romantic Comedy","Rallison, Janette:","N/A"
"B00383YJG2","Inexcusable: 10th Anniversary Edition","Lynch, Chris:","N/A"
"B017V8J0VI","Mira, Mirror","Harrison, Mette Ivie:","N/A"
"B00766ZTT8","Diva","Flinn, Alex:","N/A"
"B000UZQH1G","The Street of a Thousand Blossoms: A Novel","Tsukiyama, Gail:","N/A"
"B000GCFX86","Queen of Babble","Cabot, Meg:","N/A"
"B000SEH3YE","The Warrior Heir (Heir Chronicles Book 1)","Chima, Cinda Williams:","N/A"
"B009TS9E0Q","Mermaids","Dann, Patty:","N/A"
"B000FC1K8O","The River (Brian's Saga Book 2)","Paulsen, Gary:","N/A"
"B003L77WPK","Scarlet Moon (Once upon a Time)","Viguié, Debbie:","N/A"
"B007W1RTRC","Lessons from a Dead Girl","Knowles, Jo:","N/A"
"B002T6V4ZI","The Wizard Heir (Heir Chronicles Book 2)","Chima, Cinda Williams:","N/A"
"B017WDMCSU","The Monster In Me","Harrison, Mette Ivie:","N/A"
"B000SFP9RG","The Luxe (Luxe Novel Book 1)","Godbersen, Anna:","N/A"
"B0BR458QKT","Stray (The Shifters Book 1)","Vincent, Rachel:","N/A"
"B00598KKL2","Succubus On Top (Georgina Kincaid Book 2)","Mead, Richelle:","N/A"
"B000WJOX2A","Before I Die","Downham, Jenny:","N/A"
"B000WJOU46","Lock and Key","Dessen, Sarah:","N/A"
"B002U2DQFW","Click: One Novel, Ten Authors","Hornby, Nick:David Almond:Eoin Colfer:Roddy Doyle:Deborah Ellis:Margo Langan:Gregory Maguire:Ruth Ozeki:Linda Sue Park:Tim Wynne-Jones:","N/A"
"B00JSA6IY0","Eternal Lover","Kessler, Jackie:Mead, Richelle:Howell, Hannah:Sands, Lynsay:","N/A"
"B0013G3EMG","Leftovers","Wiess, Laura:","N/A"
"B009NFE21Q","Ever","Levine, Gail Carson:","N/A"
"B007EDOW2S","Shug","Han, Jenny:","N/A"
"B0010SEMO6","Septimus Heap, Book Four: Queste","Sage, Angie:","N/A"
"B002L4F46I","Time Paradox, The (Artemis Fowl, Book 6)","Colfer, Eoin:","N/A"
"B0011UEEGY","Queen of Babble Gets Hitched","Cabot, Meg:","N/A"
"B003MZ0AQY","A Curse Dark as Gold","Bunce, Elizabeth C.:","N/A"
"B00HG1ND8C","Reincarnation","Weyn, Suzanne:","N/A"
"B000W939IO","Flower Net: A Red Princess Mystery (Red Princess Mysteries Book 1)","See, Lisa:","N/A"
"B0023EF9FM","Eighth Grade Bites #1: The Chronicles of Vladimir Tod","Brewer, Heather:","N/A"
"B004PGMHV0","Sun and Moon, Ice and Snow","George, Jessica Day:","N/A"
"B002CSKW2O","Cindy Ella","Palmer, Robin:","N/A"
"B001ACEK0I","Cruel Summer: A Novel","Noël, Alyson:","N/A"
"B003K16PDW","Princess Ben","Murdock, Catherine Gilbert:","N/A"
"B0015DYL7O","Out of the Wild","Durst, Sarah Beth:","N/A"
"B0013TPWBY","The Crimson Thread: A Retelling of Rumpelstiltskin (Once upon a Time)","Weyn, Suzanne:","N/A"
"B00NLCHF2K","Rapunzel's Revenge","Hale, Shannon:Hale, Dean:","N/A"
"B0017T0BXO","The Summoning (Darkest Powers, Book 1)","Armstrong, Kelley:","N/A"
"B002PEP4NM","The Disreputable History of Frankie Landau-Banks (National Book Award Finalist)","Lockhart, E.:","N/A"
"B001BAARE2","Storm Born (Dark Swan Book 1)","Mead, Richelle:","N/A"
"B002T6V4ZS","The Dragon Heir (Heir Chronicles Book 3)","Chima, Cinda Williams:","N/A"
"B00FDZH16S","High School Debut, Vol. 1","Kawahara, Kazune:","N/A"
"B002WEPFES","Chains (Seeds of America Book 1)","Anderson, Laurie Halse:","N/A"
"B0013TPUNO","The London Eye Mystery","Dowd, Siobhan:","N/A"
"B009L82WOO","Succubus Dreams (Georgina Kincaid Book 3)","Mead, Richelle:","N/A"
"B001FA0HO8","Palace of Mirrors (The Palace Chronicles Book 2)","Haddix, Margaret Peterson:","N/A"
"B004OA62KE","The Dragon Princess (Tales of the Frog Princess Book 6)","Baker, E.D.:","N/A"
"B004DI7TUO","Belle: A Retelling of Beauty and the Beast (Once upon a Time)","Dokey, Cameron:","N/A"
"B001FRZEAS","Bog Child","Dowd, Siobhan:","N/A"
"B001NLKS8E","Men of the Otherworld: A Collection of Otherworld Tales (The Otherworld Series Book 1)","Armstrong, Kelley:","N/A"
"B01LOBECZC","Lament: The Faerie Queen's Deception (A Lament Novel Book 1)","Stiefvater, Maggie:","N/A"
"B003UV91AQ","Jessica's Guide to Dating on the Dark Side","Fantaskey, Beth:","N/A"
"B003K16P3M","Graceling (Graceling Realm Book 1)","Cashore, Kristin:","N/A"
"B001NLL8GK","Ransom My Heart","Cabot, Meg:Thermopolis, Mia:","N/A"
"B001NLKUFU","Wild Orchid: A Retelling of The Ballad of Mulan (Once upon a Time)","Dokey, Cameron:","N/A"
"B001NLL6TO","The Swan Maiden: A Novel","Watson, Jules:","N/A"
"B002S6UNP6","The Book with no Name (Bourbon Kid 1)","Anonymous:","N/A"
"B002N44XSG","Percy Jackson: The Demigod Files (A Percy Jackson and the Olympians Guide)","Riordan, Rick:","N/A"
"B0036S4AHW","Alligator Bayou","Napoli, Donna Jo:","N/A"
"B004QO966A","Princess of the Midnight Ball (Twelve Dancing Princesses Book 1)","George, Jessica Day:","N/A"
"B008O58HAS","Kissed by an Angel: Kissed by an Angel; The Power of Love; Soulmates","Chandler, Elizabeth:","N/A"
"B001Q8V6PS","Geek Charming","Palmer, Robin:","N/A"
"B002ZUBLHE","Snow White and Rose Red","Wrede, Patricia:","N/A"
"B001QB9FDK","Warrior Princess","Jones, Frewin:","N/A"
"B002AU7MR2","Vacations from Hell","Bray, Libba:Clare, Cassandra:Gray, Claudia:Johnson, Maureen:Mlynowski, Sarah:","N/A"
"B001NLL82Y","Shanghai Girls: A Novel","See, Lisa:","N/A"
"B001O2NECY","Fire in the Hills","Napoli, Donna Jo:","N/A"
"B0031KSENQ","Being Nikki (The Airhead Trilogy, Book 2): An Airhead Novel","Cabot, Meg:","N/A"
"B00CJ05E64","Artemis Fowl: The Arctic Incident Graphic Novel (Artemis Fowl (Graphic Novels) Book 2)","Colfer, Eoin:","N/A"
"B002AU7MK4","Along for the Ride","Dessen, Sarah:","N/A"
"B0036F6X1G","Distant Waves: A Novel of the Titanic","Weyn, Suzanne:","N/A"
"B002NT3B7U","Winter's Child (Once upon a Time)","Dokey, Cameron:","N/A"
"B0029SFE48","The Diamond Secret (Once upon a Time)","Weyn, Suzanne:","N/A"
"B0062Q38GO","The Shadow of the Bear: A Fairy Tale Retold (The Fairy Tale Novels Book 1)","Doman, Regina:","N/A"
"B001NLKXAM","Septimus Heap: The Magykal Papers","Sage, Angie:","N/A"
"B003NX6KQ4","Thirteenth Child (Frontier Magic #1)","Wrede, Patricia C.:","N/A"
"B00273BHLY","Strange Angels","St. Crow, Lili:","N/A"
"B0026SCNEK","A Kiss in Time","Flinn, Alex:","N/A"
"B015BCRWNO","Succubus Heat (Georgina Kincaid Book 4)","Mead, Richelle:","N/A"
"B002HHPW7K","Geektastic: Stories from the Nerd Herd","Black, Holly:Castellucci, Cecil:","N/A"
"B002IPZICU","How It Ends","Wiess, Laura:","N/A"
"B003D9AN2K","Bad Girls Don't Die (Bad Girls Don't Die series Book 1)","Alender, Katie:","N/A"
"B06XK473BL","The Eternal Kiss: 12 Vampire Tales of Blood and Desire","Telep, Trisha:","N/A"
"B002NXOQGQ","Going Bovine","Bray, Libba:","N/A"
"B002HRY0NM","Thorn Queen (Dark Swan Book 2)","Mead, Richelle:","N/A"
"B01MA12ZG7","The Highwayman","Hauf, Michele:","N/A"
"B01767Z1AI","Vampire Kisses: Blood Relatives, Volume III","Schreiber, Ellen:","N/A"
"B002PEP4NC","The Demon King (Seven Realms Book 1)","Chima, Cinda Williams:","N/A"
"B002HJ1WCC","My Soul to Take (Soul Screamers Book 1)","Vincent, Rachel:","N/A"
"B01767Z0UO","Avalon High: Coronation #3: Hunter's Moon","Cabot, Meg:","N/A"
"B002PEP4RI","Septimus Heap, Book Five: Syren","Sage, Angie:","N/A"
"B01LOBEDN8","Ballad: A Gathering of Faerie (A Lament Novel Book 2)","Stiefvater, Maggie:","N/A"
"B002ZAU8OG","Dark Visions: The Strange Power; The Possessed; The Passion","Smith, L.J.:","N/A"
"B002QBV8HU","Heart's Blood","Marillier, Juliet:","N/A"
"B004INHD0K","Dark Secrets 1: Legacy of Lies and Don't Tell","Chandler, Elizabeth:","N/A"
"B003WUYED4","Dragon Kiss (Tales of the Frog Princess Book 7)","Baker, E.D.:","N/A"
"B002QJZ9HW","Ice","Durst, Sarah Beth:","N/A"
"B00O8XDPI4","Calamity Jack","Hale, Shannon:Hale, Dean:","N/A"
"B00HG6YI8Q","Sing me to Sleep: A Young Adult Novel","Morrison, Angela:","N/A"
"B001NLL27K","The Forest of Hands and Teeth","Ryan, Carrie:","N/A"
"B003GYEGSY","The Princess and the Snowbird (The Princess And The Hound Book 3)","Harrison, Mette Ivie:","N/A"
"B003F1WMB6","Radiant Shadows (Wicked Lovely Book 4)","Marr, Melissa:","N/A"
"B002WE46VG","Fallen","Kate, Lauren:","N/A"
"B0031W1DW8","Succubus Shadows (Georgina Kincaid Book 5)","Mead, Richelle:","N/A"
"B003CV7SM2","Artemis Fowl: The Atlantis Complex","Colfer, Eoin:","N/A"
"B003JTHY7Q","Dark Flame: A Novel (The Immortals Book 4)","Noël, Alyson:","N/A"
"B003IGDD6G","Runaway (The Airhead Trilogy, Book 3): An Airhead Novel","Cabot, Meg:","N/A"
"B0045U9WF0","The Vampire Diaries: The Return: Midnight","Smith, L. J.:","N/A"
"B003UYUP8A","Crusade","Holder, Nancy:Viguié, Debbie:","N/A"
"B003QMLCCE","How to Be an American Housewife","Dilloway, Margaret:","N/A"
"B003P9XJTW","Radiance: A Riley Bloom Book","Noël, Alyson:","N/A"
"B003UYUS2S","Enchanted Ivy","Durst, Sarah Beth:","N/A"
"B003OUXEH4","Night Star: A Novel (The Immortals Book 5)","Noël, Alyson:","N/A"
"B005HE2PCU","StarCrossed","Bunce, Elizabeth C.:","N/A"
"B0042JSMQO","The Mermaid's Mirror","Madigan, L. K.:","N/A"
"B003VIWNTY","Once in a Full Moon","Schreiber, Ellen:","N/A"
"B003VIWNKS","Unearthly: (Book 1 of Unearthly Trilogy)","Hand, Cynthia:","N/A"
"B00475ARSO","Across the Universe","Revis, Beth:","N/A"
"B0045U9WUA","Cloaked","Flinn, Alex:","N/A"
"B004IWR392","Iron Crowned (Dark Swan Book 3)","Mead, Richelle:","N/A"
"B004JN1D3W","Starcrossed","Angelini, Josephine:","N/A"
"B004VSTP1M","Abandon (The Abandon Trilogy, Book 1)","Cabot, Meg:","N/A"
"B000W94DZ2","Big Boned (Heather Wells Mysteries Book 3)","Cabot, Meg:","N/A"
"B001MZ0FHU","The Making of the Fittest: DNA and the Ultimate Forensic Record of Evolution","Carroll, Sean B.:","N/A"
"B0716ZTYWC","Wuthering Heights","Bronte, Emily:","N/A"
"B000XUBFE2","The Book Thief","Zusak, Markus:","N/A"
"B000FA5TTW","The Lovely Bones","Sebold, Alice:","N/A"
"B0015DROBO","The Girl with the Dragon Tattoo: A Lisbeth Salander Novel (The Girl with the Dragon Tattoo Series Book 1)","Larsson, Stieg:","N/A"
"B005NY4QGM","The Color Purple","Walker, Alice:","N/A"
"B000FC1RCI","And Then There Were None","Christie, Agatha:","N/A"
"B000YI1K0C","Looking for Alaska","Green, John:","N/A"
"B000U0O9FM","Fight Club: A Novel","Palahniuk, Chuck:","N/A"
"B0B9X1GXKD","Shiver Series (Shiver, Linger, Forever, Sinner)","Stiefvater, Maggie:","N/A"
"B00A9V2JSG","Delirium (Delirium Series Book 1)","Oliver, Lauren:","N/A"
"B0097D6XNO","Blood River: The Terrifying Journey through the World's Most Dangerous Country","Butcher, Tim:","N/A"
"B005GSZZKG","Matched (Matched, Book 1)","Condie, Ally:","N/A"
"B004XFZ9CC","Bloodlines","Mead, Richelle:","N/A"
"B001NLL93W","City of Glass (The Mortal Instruments Book 3)","Clare, Cassandra:","N/A"
"B0038B99PK","Before I Fall","Oliver, Lauren:","N/A"
"B004LROUW2","1Q84 (Vintage International)","Murakami, Haruki:","N/A"
"B017KKCAN2","Where She Went (If I Stay, Book 2)","Forman, Gayle:","N/A"
"B000S1LF5K","I'd Tell You I Love You, But Then I'd Have to Kill You (Gallagher Girls Book 1)","Carter, Ally:","N/A"
"B00BL3P5E6","The Edge of Never","Redmerski, J. A.:","N/A"
"B003NHRGSQ","Linger (Shiver, Book 2) (The Wolves of Mercy Falls)","Stiefvater, Maggie:","N/A"
"B002URBQHC","Fire (Graceling Realm Book 2)","Cashore, Kristin:","N/A"
"B005Q82YOQ","The Golden Lily: A Bloodlines Novel","Mead, Richelle:","N/A"
"B084M1M5LD","The Art of Social Excellence: How to Make Your Personal and Business Relationships Thrive","Fexeus, Henrik:","N/A"
"B08BCCT6MW","Invent and Wander: The Collected Writings of Jeff Bezos, With an Introduction by Walter Isaacson","Isaacson, Walter:Bezos, Jeff:","N/A"
"B08F9KM7G5","The Black Friend: On Being a Better White Person","Joseph, Frederick:","N/A"
"B009NF6VJW","Summer and the City Tie-in Edition (Carrie Diaries Book 2)","Bushnell, Candace:","N/A"
"B004XFYWC0","The Psychopath Test: A Journey Through the Madness Industry","Ronson, Jon:","N/A"
"B00KK0PICK","The Life-Changing Magic of Tidying Up: The Japanese Art of Decluttering and Organizing (The Life Changing Magic of Tidying Up)","Kondō, Marie:","N/A"
"B07D23CFGR","Atomic Habits: An Easy & Proven Way to Build Good Habits & Break Bad Ones","Clear, James:","N/A"
"B083J1FXYC","Modern Madness: An Owner's Manual","Cheney, Terri:","N/A"
"B00WKU6FK2","The Bitter Taste of Dying: A Memoir","Smith, Jason:","N/A"
"B00I8JQAPE","ttyl - 10th Anniversary update and reissue (The Internet Girls Book 1)","Myracle, Lauren:","N/A"
"B00CH3DBNQ","I Am Malala: The Girl Who Stood Up for Education and Was Shot by the Taliban","Yousafzai, Malala:","N/A"
"B08GJZFBYV","A Promised Land","Obama, Barack:","N/A"
"B001R1LCI0","Girl at Sea","Johnson, Maureen:","N/A"
"B004IK9C84","Perfect","Hopkins, Ellen:","N/A"
"B004PGMHUQ","The Wide-Awake Princess (Tales of the Wide-Awake Princess Book 1)","Baker, E.D.:","N/A"
"B004TTS2UI","I'm Not Her","Gurtler, Janet:","N/A"
"B08271QK9F","Melt My Heart","Perry, A.R.:","N/A"
"B0030CMK2G","The Squad: Killer Spirit (The Squad series Book 2)","Barnes, Jennifer Lynn:","N/A"
"B00B1D0H44","Also Known As","Benway, Robin:","N/A"
"B004OR15ZO","Princess of Glass (Twelve Dancing Princesses Book 2)","George, Jessica Day:","N/A"
"B00OGWASXC","Beauty: A Retelling of the Story of Beauty and the Beast","McKinley, Robin:","N/A"
"B00OGWASU0","Rose Daughter","McKinley, Robin:","N/A"
"B007N6JDN4","Princess Academy: Palace of Stone","Hale, Shannon:","N/A"
"B004CFA9X2","Entwined","Dixon, Heather:","N/A"
"B005G034AC","Once Upon a Marigold","Ferris, Jean:","N/A"
"B0048WQDK2","Before Midnight: A Cinderella Story (Once upon a Time)","Dokey, Cameron:","N/A"
"B003D20RU0","Wicked Lovely with Bonus Material","Marr, Melissa:","N/A"
"B00VIH25FC","Plastic-Free: How I Kicked the Plastic Habit and How You Can Too","Terry, Beth:","N/A"
"B000UZNSUO","Extras (The Uglies Book 4)","Westerfeld, Scott:","N/A"
"B001LFDAIC","Specials (The Uglies Book 3)","Westerfeld, Scott:","N/A"
"B0013TPWT6","No Place For Magic (Tales of the Frog Princess Book 4)","Baker, E. D.:","N/A"
"B003719G1S","Lush","Friend, Natasha:","N/A"
"B000UWW84E","Blood and Chocolate","Klause, Annette Curtis:","N/A"
"B000FC1H4Q","Bud, Not Buddy: (Newbery Medal Winner)","Curtis, Christopher Paul:","N/A"
"B008XO8LTC","Fairest","Levine, Gail Carson:","N/A"
"B0036QVOMS","Tithe: A Modern Faerie Tale","Black, Holly:","N/A"
"B000QRIGLW","Twilight (The Twilight Saga Book 1)","Meyer, Stephenie:","N/A"
"B008XOAJQA","Ella Enchanted: A Newbery Honor Award Winner (Trophy Newbery)","Levine, Gail Carson:","N/A"
"B017SAS448","Zel","Napoli, Donna Jo:","N/A"
"B003GZ4YYY","The Short Second Life of Bree Tanner: An Eclipse Novella (The Twilight Saga)","Meyer, Stephenie:","N/A"
"B0015DROQ4","Nobody's Princess (Princesses of Myth)","Friesner, Esther:","N/A"
"B0046ECFKE","Last Sacrifice: A Vampire Academy Novel","Mead, Richelle:","N/A"
"B0015DRPJU","Shadow Kiss: A Vampire Academy Novel","Mead, Richelle:","N/A"
"B004MME5NK","Forged by Fire (Hazelwood High Trilogy Book 2)","Draper, Sharon M.:","N/A"
"B005BTF3SY","The Skin I'm in","Flake, Sharon:","N/A"
"B000GCFY0I","Uglies (The Uglies Book 1)","Westerfeld, Scott:","N/A"
"B002VAHGS6","Blue Moon: The Immortals","Noël, Alyson:","N/A"
"B0023EFB1Y","Sadako and the Thousand Paper Cranes (Puffin Modern Classics)","Coerr, Eleanor:","N/A"
"B092T9K5D5","Heiresses: The Lives of the Million Dollar Babies","Thompson, Laura:","N/A"
"B005O2OYO2","Vegan Virgin Valentine","Mackler, Carolyn:","N/A"
"B0010SEN3G","Sweet Surrender (Sweet Series Book 1)","Banks, Maya:","N/A"
"B00MSS0XAO","Make Up: Your Life Guide to Beauty, Style, and Success--Online and Off","Phan, Michelle:","N/A"
"B015GLZOV2","Believarexic","Johnson, J. J.:","N/A"
"B087V733YJ","Midnight Sun (The Twilight Saga)","Meyer, Stephenie:","N/A"
"B0716VJM71","The Secret Lives of Introverts: Inside Our Hidden World","Granneman, Jenn:","N/A"
"B01B3DIPMW","Harry Potter: The Complete Collection (1-7)","Rowling, J.K.:","N/A"
"B07V78QZPF","How to Be an Artist","Saltz, Jerry:","N/A"
"B099PY2B85","WARATAH: Abridged Version","Thai, Ha-Le:","N/A"
"B002QJZ9YK","Hush, Hush (The Hush, Hush Saga Book 1)","Fitzpatrick, Becca:","N/A"
"B002JWD6AS","Shiver (The Wolves of Mercy Falls Book 1)","Stiefvater, Maggie:","N/A"
"B0791239V7","Blitzscaling: The Lightning-Fast Path to Building Massively Valuable Companies","Hoffman, Reid:Yeh, Chris:","N/A"
"B06WP982HX","The Four: The Hidden DNA of Amazon, Apple, Facebook, and Google","Galloway, Scott:","N/A"
"B08HL8JYZN","Post Corona: From Crisis to Opportunity","Galloway, Scott:","N/A"
"B00J6YBOFQ","Zero to One: Notes on Startups, or How to Build the Future","Thiel, Peter:Masters, Blake:","N/A"
"B07BLKXV68","Accessory to War: The Unspoken Alliance Between Astrophysics and the Military (Astrophysics for People in a Hurry Series)","de Grasse Tyson, Neil:deGrasse Tyson, Neil:Lang, Avis:","N/A"
"B07V4G6G28","Letters from an Astrophysicist","deGrasse Tyson, Neil:","N/A"
"B004W0HZN4","Cosmos","Sagan, Carl:","N/A"
"B01MAWT2MO","Astrophysics for People in a Hurry (Astrophysics for People in a Hurry Series)","de Grasse Tyson, Neil:","N/A"
"B01FEY5E3O","Reality Is Not What It Seems: The Journey to Quantum Gravity","Rovelli, Carlo:","N/A"
"B001P7GGRS","The Elegant Universe: Superstrings, Hidden Dimensions, and the Quest for the Ultimate Theory","Greene, Brian:","N/A"
"B000GCFCL4","Parallel Worlds: A Journey Through Creation, Higher Dimensions, and the Future of the Cosmos","Kaku, Michio:","N/A"
"B08CTGL22R","The God Equation: The Quest for a Theory of Everything","Kaku, Michio:","N/A"
"B07W1GK3YB","A Woman Makes a Plan: Advice for a Lifetime of Adventure, Beauty, and Success","Musk, Maye:","N/A"
"B003V1WSZK","Power: Why Some People Have It—and Others Don't","Pfeffer, Jeffery:","N/A"
"B000QTE9WK","Mars and Venus in the Bedroom: A Guide to Lasting Romance and Passion: A Guide to Lasting Romance and Passion.","Gray, John:","N/A"
"B00H6JBFOS","Never Eat Alone, Expanded and Updated: And Other Secrets to Success, One Relationship at a Time","Ferrazzi, Keith:Raz, Tahl:","N/A"
"B015628UTO","Sexual Behavior in the Human Male","Kinsey, Alfred C.:","N/A"
"B085317Y2L","Sperm Wars: Infidelity, Sexual Conflict, and Other Bedroom Battles","Baker, Robin:","N/A"
"B009MYD9F8","The Snowball: Warren Buffett and the Business of Life","Schroeder, Alice:","N/A"
"B000FC12C8","The Intelligent Investor, Rev. Ed: The Definitive Book on Value Investing","Graham, Benjamin:Jason Zweig:","N/A"
"B008ZPG704","Sam Walton: Made In America","Walton, Sam:","N/A"
"B00DXKJ2DA","Our Mathematical Universe: My Quest for the Ultimate Nature of Reality","Tegmark, Max:","N/A"
"B000FBFNII","A Short History of Nearly Everything","Bryson, Bill:","N/A"
"B00EGJE4G2","The Sixth Extinction: An Unnatural History","Kolbert, Elizabeth:","N/A"
"B00JHIDON6","This Changes Everything: Capitalism vs. The Climate","Klein, Naomi:","N/A"
"B07JMG6KMT","Where the Light Enters: Building a Family, Discovering Myself","Biden, Jill:","N/A"
"B000SF8JO6","Promises to Keep: On Life and Politics","Biden, Joe:","N/A"
"B073RYSRGM","Promise Me, Dad: A Year of Hope, Hardship, and Purpose","Biden, Joe:","N/A"
"B08HM6RPJ7","Joe Biden: The Life, the Run, and What Matters Now","Osnos, Evan:","N/A"
"B004QGY36Q","Speak","Anderson, Laurie Halse:","N/A"
"B003K16PUU","Animal Farm: A Fairy Story (An Hbj Modern Classic)","Orwell, George:","N/A"
"B000OCXIRG","Lord of the Flies","Golding, William:","N/A"
"B003YL4LNY","Inheritance: Book IV (The Inheritance Cycle 4)","Paolini, Christopher:","N/A"
"B00AP2VQEM","Crazy Rich Asians (Crazy Rich Asians Trilogy Book 1)","Kwan, Kevin:","N/A"
"B003VQQG80","Whiter Shades of Pale: The Stuff White People Like, Coast to Coast, from Seattle's Sweaters to Maine's Microbrews","Lander, Christian:","N/A"
"B0097D718K","Not Just a Pretty Face: The Ugly Side of the Beauty Industry","Malkan, Stacy:","N/A"
"B09MBCKBMX","Trypophobia - A Novel","Sullivan, A.G.:","N/A"
"B002XOTPW0","Airhead","Cabot, Meg:","N/A"
"B00F8GKDY4","Eyes Like Stars: Theatre Illuminata, Act I","Mantchev, Lisa:","N/A"
"B07NL1NHCR","The Dangerous Case of Donald Trump: 37 Psychiatrists and Mental Health Experts Assess a President - Updated and Expanded with New Essays (27 Psychiatrists ... Mental Health Experts Assess a President)","Lee, Bandy X.:","N/A"
"B015MR0UJG","Truly Madly Guilty","Moriarty, Liane:","N/A"
"B07FCJPWST","The Moment of Lift: How Empowering Women Changes the World","Gates, Melinda:","N/A"
"B011H55MY0","This Is Your Brain On Parasites: How Tiny Creatures Manipulate Our Behavior and Shape Society","McAuliffe, Kathleen:","N/A"
"B01HDSU18M","Testosterone Rex: Myths of Sex, Science, and Society","Fine, Cordelia:","N/A"
"B085CNPMX7","Melania and Me: The Rise and Fall of My Friendship with the First Lady","Wolkoff, Stephanie Winston:","N/A"
"B00JX12KDM","Do Less: A Minimalist Guide to a Simplified, Organized, and Happy Life","Jonat, Rachel:","N/A"
"B09JB1ST32","Hollywood Ending: Harvey Weinstein and the Culture of Silence","Auletta, Ken:","N/A"
"B0054KKRKY","Women, Race, & Class","Davis, Angela Y.:","N/A"
"B00541Z8BQ","Are Prisons Obsolete? (Open Media Series)","Davis, Angela Y.:","N/A"
"B086CFB2NT","The New Jim Crow: Mass Incarceration in the Age of Colorblindness","Alexander, Michelle:","N/A"
"B071KSKT3K","Why Are All the Black Kids Sitting Together in the Cafeteria?: And Other Conversations About Race","Tatum, Beverly Daniel:","N/A"
"B01CO4AUA4","They Can't Kill Us All: Ferguson, Baltimore, and a New Era in America's Racial Justice Movement","Lowery, Wesley:","N/A"
"B07SVVPSNP","Hood Feminism: Notes from the Women That a Movement Forgot","Kendall, Mikki:","N/A"
"B01D1RUOJU","White Rage: The Unspoken Truth of Our Racial Divide","Anderson, Carol:","N/A"
"B06WWPX2YF","Why I’m No Longer Talking to White People About Race: The Sunday Times Bestseller","Eddo-Lodge, Reni:","N/A"
"B07N2S7DLV","The Privileged Poor: How Elite Colleges Are Failing Disadvantaged Students","Jack, Anthony Abraham:","N/A"
"B08BLWD3TF","White Feminism: From the Suffragettes to Influencers and Who They Leave Behind","Beck, Koa:","N/A"
"B08W51CTVN","Nice White Ladies: The Truth about White Supremacy, Our Role in It, and How We Can Help Dismantle It","Daniels, Jessie:","N/A"
"B08W5243G1","The Trouble with White Women: A Counterhistory of Feminism","Schuller, Kyla:","N/A"
"B084GHDG4L","White Tears/Brown Scars: How White Feminism Betrays Women of Color","Hamad, Ruby:","N/A"
"B00L0F01NK","We Should All Be Feminists (Kindle Single) (A Vintage Short)","Adichie, Chimamanda Ngozi:","N/A"
"B00FNJVRYG","The Science of Happily Ever After: What Really Matters in the Quest for Enduring Love","Tashiro, Ty:","N/A"
"B08BZVKX75","How to Not Die Alone: The Surprising Science That Will Help You Find Love","Ury, Logan:","N/A"
"B00MCQ3M1E","Love Me, Don't Leave Me: Overcoming Fear of Abandonment and Building Lasting, Loving Relationships","Skeen, Michelle:","N/A"
"B00KBEHMJ2","Insecure in Love: How Anxious Attachment Can Make You Feel Jealous, Needy, and Worried and What You Can Do About It","Becker-Phelps PhD, Leslie:","N/A"
"B0049H9AVU","Attached: The New Science of Adult Attachment and How It Can Help You Find—and Keep—Love: The New Science of Adult Attachment and How It Can Help You Find--and Keep-- Love","Levine, Amir:Heller, Rachel:","N/A"
"B08H177WQP","Think Again: The Power of Knowing What You Don't Know","Grant, Adam:","N/A"
"B07H453KGH","Can't Hurt Me: Master Your Mind and Defy the Odds","Goggins, David:","N/A"
"B01FPGY5T0","12 Rules for Life: An Antidote to Chaos","Peterson, Jordan B.:","N/A"
"B09LVVN9L3","Building a Second Brain: A Proven Method to Organize Your Digital Life and Unlock Your Creative Potential","Forte, Tiago:","N/A"
"B0024CEZR6","The 48 Laws of Power","Greene, Robert:","N/A"
"B087BQ7GB4","Medical Medium Cleanse to Heal: Healing Plans for Sufferers of Anxiety, Depression, Acne, Eczema, Lyme, Gut Problems, Brain Fog, Weight Issues, Migraines, Bloating, Vertigo, Psoriasis","William, Anthony:","N/A"
"B07KNSBFC4","Medical Medium Celery Juice: The Most Powerful Medicine of Our Time Healing Millions Worldwide (Medical Medium Series)","William, Anthony:","N/A"
"B01IRU0URC","Medical Medium Life-Changing Foods: Save Yourself and the Ones You Love with the Hidden Healing Powers of Fruits & Vegetables","William, Anthony:","N/A"
"B09HP6WYZP","Never, Ever Get Married","Moraffah, Tony:","N/A"
"B08WLX1FXD","The Office BFFs: Tales of The Office from Two Best Friends Who Were There","Fischer, Jenna:Kinsey, Angela:","N/A"
"B07GY3BF6C","The Highly Sensitive: How to Stop Emotional Overload, Relieve Anxiety, and Eliminate Negative Energy","Dyer, Judy:","N/A"
"B07G1YJ7DZ","Cry Like a Man: Fighting for Freedom from Emotional Incarceration","Wilson, Jason:","N/A"
"B079ZYWJJ8","Becoming","Obama, Michelle:","N/A"
"B099WXTZGM","Finding Me: A Memoir","Davis, Viola:","N/A"
"B08FGSQYND","Somebody's Daughter: A Memoir","Ford, Ashley C.:","N/A"
"B07GNGY9QR","Stop Doing That Sh*t: End Self-Sabotage and Demand Your Life Back (Unfu*k Yourself series)","Bishop, Gary John:","N/A"
"B07X9MH57F","My Vanishing Country: A Memoir","Sellers, Bakari:","N/A"
"B07MDZR94F","Unfuck Your Brain: Using Science to Get Over Anxiety, Depression, Anger, Freak-outs, and Triggers","Harper, Dr Faith G:","N/A"
"B09FYHZXBN","Just Keep Buying: Proven ways to save money and build your wealth","Nick Maggiulli:","N/A"
"B084HJSJJ2","The Psychology of Money: Timeless lessons on wealth, greed, and happiness","Morgan Housel:","N/A"
"B071F7C5NQ","Unfu*k Yourself: Get Out of Your Head and into Your Life (Unfu*k Yourself series)","Bishop, Gary John:","N/A"
"B097FVHC5M","Murder on the Red River (A Cash Blackbear Mystery Book 1)","Rendon, Marcie R.:","N/A"
"B08XYPW4G7","The 1619 Project: A New Origin Story","Hannah-Jones, Nikole:The New York Times Magazine:","N/A"
"B084FLWDQG","Caste (Oprah's Book Club): The Origins of Our Discontents","Wilkerson, Isabel:","N/A"
"B0871KZQ3G","The Sum of Us: What Racism Costs Everyone and How We Can Prosper Together","McGhee, Heather:","N/A"
"B07DTJ8YNJ","Everything Is F*cked: A Book About Hope (The Subtle Art of Not Giving a F*ck (2 Book Series))","Manson, Mark:","N/A"
"B08776ZZY4","Think and Grow Rich","Hill, Napoleon:","N/A"
"B084H43ZXV","I Know This to be True: Bryan Stevenson: On Equality, Justice, and Compassion","Blackwell, Geoff:Hobday, Ruth:","N/A"
"B06XPVC236","The Science of Getting Rich","Wattles, Wallace D.:Conrad, Charles:","N/A"
"B07BZ4F75T","Maybe You Should Talk to Someone: A Therapist, HER Therapist, and Our Lives Revealed","Gottlieb, Lori:","N/A"
"B07169V2MC","Open Season: Legalized Genocide of Colored People","Crump, Ben:","N/A"
"B01DHWACVY","Born a Crime: Stories from a South African Childhood","Noah, Trevor:","N/A"
"B019MMUA8S","The Subtle Art of Not Giving a F*ck: A Counterintuitive Approach to Living a Good Life (Mark Manson Collection Book 1)","Manson, Mark:","N/A"
"B00JYWVYLY","Just Mercy: A Story of Justice and Redemption","Stevenson, Bryan:","N/A"
"B01GZY28JA","Pachinko (National Book Award Finalist)","Lee, Min Jin:","N/A"
"B09N3D7QSQ","What We Owe the Future","MacAskill, William:","N/A"
"B072BLVM83","Educated: A Memoir","Westover, Tara:","N/A"
"B001ANYDAO","Outliers: The Story of Success","Gladwell, Malcolm:","N/A"
"B07DT1KYYY","Notes from a Young Black Chef: A Memoir","Onwuachi, Kwame:Stein, Joshua David:","N/A"
"B01CO349N4","Heavy: An American Memoir","Laymon, Kiese:","N/A"
"B07VP1SJ4F","Minor Feelings: An Asian American Reckoning","Hong, Cathy Park:","N/A"
"B07NDKVWZW","Talking to Strangers: What We Should Know about the People We Don't Know","Gladwell, Malcolm:","N/A"
"B09JPJ833S","I'm Glad My Mom Died","Mccurdy, Jennette:","N/A"
"B00486U8N6","The Moral Animal: Why We Are, the Way We Are: The New Science of Evolutionary Psychology","Wright, Robert:","N/A"
"B00J8R3IC8","The Meaning of Human Existence","Wilson, Edward O.:","N/A"
"B01GI5F2FS","The Selfish Gene: 40th Anniversary edition (Oxford Landmark Science)","Dawkins, Richard:","N/A"
"B004W2UBYW","Steve Jobs","Isaacson, Walter:","N/A"
"B08TB1TP7H","Amazon Unbound: Jeff Bezos and the Invention of a Global Empire","Stone, Brad:","N/A"
"B00BWQW73E","The Everything Store: Jeff Bezos and the Age of Amazon","Stone, Brad:","N/A"
"B006VUIDIY","The Introvert Advantage: How Quiet People Can Thrive in an Extrovert World","Laney Psy.D., Marti Olsen:","N/A"
"B004J4WNL2","Quiet: The Power of Introverts in a World That Can't Stop Talking","Cain, Susan:","N/A"
"B009G1PHP2","Structures: Or Why Things Don't Fall Down","Gordon, J. E.:","N/A"
"B01CXO4VRI","Behind Closed Doors: A Novel","Paris, B.A.:","N/A"
